{"cameraMode":{"drawMode":31,"name":"Sprite Mask","section":"Miscellaneous"},"sceneLighting":false,"audioPlay":false,"sceneViewState":{"showFog":false,"showMaterialUpdate":false,"showSkybox":false,"showFlares":false,"showImageEffects":false,"showParticleSystems":false},"in2DMode":false,"pivot":{"x":-0.0061979591846466068,"y":0.35093212127685549,"z":-0.0863271951675415},"rotation":{"x":0.2588534653186798,"y":0.06802979856729508,"z":-0.018277090042829515,"w":0.9633591175079346},"size":2.0103235244750978,"orthographic":false}