{"cameraMode":{"drawMode":31,"name":"Sprite Mask","section":"Miscellaneous"},"sceneLighting":false,"audioPlay":false,"sceneViewState":{"showFog":false,"showMaterialUpdate":false,"showSkybox":false,"showFlares":false,"showImageEffects":false,"showParticleSystems":false},"in2DMode":false,"pivot":{"x":1.0574634075164796,"y":-2.2041592597961427,"z":0.07276153564453125},"rotation":{"x":0.15326380729675294,"y":0.08880892395973206,"z":-0.013831941410899163,"w":0.9841035604476929},"size":7.704977035522461,"orthographic":false}