{"cameraMode":{"drawMode":31,"name":"Sprite Mask","section":"Miscellaneous"},"sceneLighting":true,"audioPlay":false,"sceneViewState":{"showFog":false,"showMaterialUpdate":false,"showSkybox":false,"showFlares":false,"showImageEffects":false,"showParticleSystems":false},"in2DMode":false,"pivot":{"x":14.183599472045899,"y":29.73966407775879,"z":14.381067276000977},"rotation":{"x":0.20842377841472627,"y":0.01819242350757122,"z":-0.0038772968109697105,"w":0.9778633713722229},"size":24.08087730407715,"orthographic":false}