{"cameraMode":{"drawMode":31,"name":"Sprite Mask","section":"Miscellaneous"},"sceneLighting":false,"audioPlay":false,"sceneViewState":{"showFog":false,"showMaterialUpdate":false,"showSkybox":false,"showFlares":false,"showImageEffects":false,"showParticleSystems":false},"in2DMode":false,"pivot":{"x":0.3675885796546936,"y":0.30182182788848879,"z":-0.3739151954650879},"rotation":{"x":-0.0006514841807074845,"y":0.9989081025123596,"z":-0.044379036873579028,"w":-0.014689350500702858},"size":2.0289418697357179,"orthographic":false}