{"cameraMode":{"drawMode":31,"name":"Sprite Mask","section":"Miscellaneous"},"sceneLighting":false,"audioPlay":false,"sceneViewState":{"showFog":false,"showMaterialUpdate":false,"showSkybox":false,"showFlares":false,"showImageEffects":false,"showParticleSystems":false},"in2DMode":false,"pivot":{"x":0.4366439878940582,"y":-0.003086165525019169,"z":0.65966796875},"rotation":{"x":-0.0015535959973931313,"y":0.9385031461715698,"z":-0.0042233094573020939,"w":-0.3452417552471161},"size":1.376036524772644,"orthographic":true}