{"cameraMode":{"drawMode":31,"name":"Sprite Mask","section":"Miscellaneous"},"sceneLighting":false,"audioPlay":false,"sceneViewState":{"showFog":false,"showMaterialUpdate":false,"showSkybox":false,"showFlares":false,"showImageEffects":false,"showParticleSystems":false},"in2DMode":false,"pivot":{"x":0.0,"y":1.3730000257492066,"z":0.7080000042915344},"rotation":{"x":0.2588534653186798,"y":0.06802979856729508,"z":-0.018277090042829515,"w":0.9633591175079346},"size":0.14289410412311555,"orthographic":false}