{"cameraMode":{"drawMode":31,"name":"Sprite Mask","section":"Miscellaneous"},"sceneLighting":false,"audioPlay":false,"sceneViewState":{"showFog":false,"showMaterialUpdate":false,"showSkybox":false,"showFlares":false,"showImageEffects":false,"showParticleSystems":false},"in2DMode":false,"pivot":{"x":0.29456257820129397,"y":0.3573004901409149,"z":0.004810214042663574},"rotation":{"x":0.0995059460401535,"y":-0.26760199666023257,"z":0.02779613435268402,"w":0.9579756855964661},"size":2.0702972412109377,"orthographic":false}