{"cameraMode":{"drawMode":31,"name":"Sprite Mask","section":"Miscellaneous"},"sceneLighting":false,"audioPlay":false,"sceneViewState":{"showFog":false,"showMaterialUpdate":false,"showSkybox":false,"showFlares":false,"showImageEffects":false,"showParticleSystems":false},"in2DMode":false,"pivot":{"x":-0.6425344347953796,"y":0.16371166706085206,"z":0.09174156188964844},"rotation":{"x":0.2588534653186798,"y":0.06802979856729508,"z":-0.018277090042829515,"w":0.9633591175079346},"size":1.6428940296173096,"orthographic":false}