{"cameraMode":{"drawMode":31,"name":"Sprite Mask","section":"Miscellaneous"},"sceneLighting":true,"audioPlay":false,"sceneViewState":{"showFog":false,"showMaterialUpdate":false,"showSkybox":false,"showFlares":false,"showImageEffects":false,"showParticleSystems":false},"in2DMode":false,"pivot":{"x":2.6949334144592287,"y":0.6358317136764526,"z":0.8551449775695801},"rotation":{"x":0.07745428383350373,"y":-0.10894905030727387,"z":0.008515303023159504,"w":0.990988552570343},"size":4.1251220703125,"orthographic":false}