{"cameraMode":{"drawMode":31,"name":"Sprite Mask","section":"Miscellaneous"},"sceneLighting":false,"audioPlay":false,"sceneViewState":{"showFog":false,"showMaterialUpdate":false,"showSkybox":false,"showFlares":false,"showImageEffects":false,"showParticleSystems":false},"in2DMode":false,"pivot":{"x":0.26955610513687136,"y":-0.2304990291595459,"z":1.2327187061309815},"rotation":{"x":0.04496420919895172,"y":0.03026157058775425,"z":-0.0013628561282530428,"w":0.9985312223434448},"size":4.4816107749938969,"orthographic":false}